# ************************************************************
# Sequel Pro SQL dump
# Version 3408
#
# http://www.sequelpro.com/
# http://code.google.com/p/sequel-pro/
#
# Host: squaretally.com (MySQL 5.0.92-community-log)
# Database: square18_barter
# Generation Time: 2011-09-07 13:25:46 -0700
# ************************************************************


/*!40101 SET @OLD_CHARACTER_SET_CLIENT=@@CHARACTER_SET_CLIENT */;
/*!40101 SET @OLD_CHARACTER_SET_RESULTS=@@CHARACTER_SET_RESULTS */;
/*!40101 SET @OLD_COLLATION_CONNECTION=@@COLLATION_CONNECTION */;
/*!40101 SET NAMES utf8 */;
/*!40014 SET @OLD_FOREIGN_KEY_CHECKS=@@FOREIGN_KEY_CHECKS, FOREIGN_KEY_CHECKS=0 */;
/*!40101 SET @OLD_SQL_MODE=@@SQL_MODE, SQL_MODE='NO_AUTO_VALUE_ON_ZERO' */;
/*!40111 SET @OLD_SQL_NOTES=@@SQL_NOTES, SQL_NOTES=0 */;


# Dump of table barter_categories
# ------------------------------------------------------------

DROP TABLE IF EXISTS `barter_categories`;

CREATE TABLE `barter_categories` (
  `category_id` int(11) NOT NULL auto_increment,
  `category` text,
  `parent_category` text,
  PRIMARY KEY  (`category_id`)
) ENGINE=InnoDB DEFAULT CHARSET=latin1;

LOCK TABLES `barter_categories` WRITE;
/*!40000 ALTER TABLE `barter_categories` DISABLE KEYS */;

INSERT INTO `barter_categories` (`category_id`, `category`, `parent_category`)
VALUES
	(1,'Accounting','s'),
	(2,'Art','s'),
	(3,'Aviation','s'),
	(4,'Bicycle_Repair','s'),
	(5,'Carpentry','s'),
	(6,'Child_Care','s'),
	(7,'Computer-Technical','s'),
	(8,'Cooking-Catering','s'),
	(9,'Elder_Care','s'),
	(10,'Electrician','s'),
	(11,'Energy_Audit','s'),
	(12,'Hair-Nails-Beauty','s'),
	(13,'Housekeeping-Cleaning','s'),
	(14,'Landscape_-_Lawn_-_Garden','s'),
	(15,'Legal_Services','s'),
	(16,'Lessons_-_Music_-_Arts','s'),
	(17,'Lessons_-_Sports','s'),
	(18,'Masonry_-_Stone_-_Brick_-_Tile','s'),
	(19,'Mechanic_-_Auto_-_Motorcycle','s'),
	(20,'Mechanic_-_Large_Engine','s'),
	(21,'Mechanic_-_Small_Engine','s'),
	(22,'Musician_-_Performer','s'),
	(23,'Painting_Indoor_-_Outdoor','s'),
	(24,'Personal_Training_-_Fitness','s'),
	(25,'Pet_Services','s'),
	(26,'Photography','s'),
	(27,'Physical_Therapy_-_Massage','s'),
	(28,'Plumbing','s'),
	(29,'Pool_Services','s'),
	(30,'Snow_Removal','s'),
	(31,'Taxi_-_Car_Pool','s'),
	(32,'Tree_Service','s'),
	(33,'Web_Design','s'),
	(34,'Antiques','g'),
	(35,'Auto_Parts','g'),
	(36,'Automobiles_-_Trucks','g'),
	(37,'Bicycles','g'),
	(38,'Boats','g'),
	(39,'Books','g'),
	(40,'Building_Supplies','g'),
	(41,'CD_-_DVD','g'),
	(42,'Cell_Phones','g'),
	(43,'Clothing','g'),
	(44,'Collectables','g'),
	(45,'Computers','g'),
	(46,'Electronics','g'),
	(47,'Farm_And_Garden','g'),
	(48,'Firewood','g'),
	(49,'Furniture','g'),
	(50,'Heavy_Equipment','g'),
	(51,'Household_Appliances','g'),
	(52,'Jewelry','g'),
	(53,'Kitchen_-_Cooking','g'),
	(54,'Lawn_-_Garden','g'),
	(55,'Motorcycles','g'),
	(56,'Musical_Instruments','g'),
	(57,'Photography_+_Video','g'),
	(58,'Rvs','g'),
	(59,'Tickets','g'),
	(60,'Tools_For_Loan_-_Swap','g'),
	(61,'Toys_-_Games','g'),
	(62,'Video_Games','g'),
	(63,NULL,NULL);

/*!40000 ALTER TABLE `barter_categories` ENABLE KEYS */;
UNLOCK TABLES;


# Dump of table barter_cities
# ------------------------------------------------------------

DROP TABLE IF EXISTS `barter_cities`;

CREATE TABLE `barter_cities` (
  `city_id` int(11) NOT NULL auto_increment,
  `state_id` int(11) default NULL,
  `city` text,
  PRIMARY KEY  (`city_id`),
  KEY `state_id` (`state_id`),
  CONSTRAINT `barter_cities_ibfk_1` FOREIGN KEY (`state_id`) REFERENCES `barter_states` (`state_id`)
) ENGINE=InnoDB DEFAULT CHARSET=latin1;

LOCK TABLES `barter_cities` WRITE;
/*!40000 ALTER TABLE `barter_cities` DISABLE KEYS */;

INSERT INTO `barter_cities` (`city_id`, `state_id`, `city`)
VALUES
	(1,1,'Auburn'),
	(2,1,'Bessemer'),
	(3,1,'Birmingham'),
	(4,1,'Decatur'),
	(5,1,'Dothan'),
	(6,1,'Florence'),
	(7,1,'Gadsden'),
	(8,1,'Hoover'),
	(9,1,'Huntsville'),
	(10,1,'Madison'),
	(11,1,'Mobile'),
	(12,1,'Montgomery'),
	(13,1,'Phenix_City'),
	(14,1,'Tuscaloosa'),
	(15,1,'Vestavia_Hills'),
	(16,2,'Anchorage'),
	(17,2,'Barrow'),
	(18,2,'Bethel'),
	(19,2,'College'),
	(20,2,'Fairbanks'),
	(21,2,'Homer'),
	(22,2,'Juneau'),
	(23,2,'Kenai'),
	(24,2,'Ketchikan'),
	(25,2,'Kodiak'),
	(26,2,'Palmer'),
	(27,2,'Sitka'),
	(28,2,'Soldotna'),
	(29,2,'Sterling'),
	(30,2,'Wasilla'),
	(31,3,'Avondale'),
	(32,3,'Casas_Adobes'),
	(33,3,'Catalina_Foothills'),
	(34,3,'Chandler'),
	(35,3,'Flagstaff'),
	(36,3,'Gilbert'),
	(37,3,'Glendale'),
	(38,3,'Mesa'),
	(39,3,'Peoria'),
	(40,3,'Phoenix'),
	(41,3,'Scottsdale'),
	(42,3,'Surprise'),
	(43,3,'Tempe'),
	(44,3,'Tucson'),
	(45,3,'Yuma'),
	(46,4,'Bentonville'),
	(47,4,'Conway'),
	(48,4,'Fayetteville'),
	(49,4,'Fort_Smith'),
	(50,4,'Hot_Springs'),
	(51,4,'Jacksonville'),
	(52,4,'Jonesboro'),
	(53,4,'Little_Rock'),
	(54,4,'North_Little_Rock'),
	(55,4,'Pine_Bluff'),
	(56,4,'Rogers'),
	(57,4,'Russellville'),
	(58,4,'Springdale'),
	(59,4,'Texarkana'),
	(60,4,'West_Memphis'),
	(61,5,'Anaheim'),
	(62,5,'Bakersfield'),
	(63,5,'Chula_Vista'),
	(64,5,'Fresno'),
	(65,5,'Long_Beach'),
	(66,5,'Los_Angeles'),
	(67,5,'Modesto'),
	(68,5,'Oakland'),
	(69,5,'Riverside'),
	(70,5,'Sacramento'),
	(71,5,'San_Diego'),
	(72,5,'San_Francisco'),
	(73,5,'San_Jose'),
	(74,5,'Santa_Ana'),
	(75,5,'Stockton'),
	(76,6,'Arvada'),
	(77,6,'Aurora'),
	(78,6,'Boulder'),
	(79,6,'Centennial'),
	(80,6,'Colorado_Springs'),
	(81,6,'Denver'),
	(82,6,'Fort_Collins'),
	(83,6,'Greeley'),
	(84,6,'Highlands_Ranch'),
	(85,6,'Lakewood'),
	(86,6,'Longmont'),
	(87,6,'Loveland'),
	(88,6,'Pueblo'),
	(89,6,'Thornton'),
	(90,6,'Westminster'),
	(91,7,'Bridgeport'),
	(92,7,'Bristol'),
	(93,7,'Danbury'),
	(94,7,'Fairfield'),
	(95,7,'Greenwich'),
	(96,7,'Hamden'),
	(97,7,'Hartford'),
	(98,7,'Meriden'),
	(99,7,'New_Britain'),
	(100,7,'New_Haven'),
	(101,7,'Norwalk'),
	(102,7,'Stamford'),
	(103,7,'Waterbury'),
	(104,7,'West_Hartford'),
	(105,7,'West_Haven'),
	(106,8,'Brookside'),
	(107,8,'Claymont'),
	(108,8,'Dover'),
	(109,8,'Edgemoor'),
	(110,8,'Elsmere'),
	(111,8,'Georgetown'),
	(112,8,'Middletown'),
	(113,8,'Milford'),
	(114,8,'New_Castle'),
	(115,8,'Newark'),
	(116,8,'Pike_Creek'),
	(117,8,'Seaford'),
	(118,8,'Smyrna'),
	(119,8,'Wilmington'),
	(120,8,'Wilmington_Manor'),
	(121,9,'District_of_Columbia'),
	(122,10,'Cape_Coral'),
	(123,10,'Coral_Springs'),
	(124,10,'Fort_Lauderdale'),
	(125,10,'Gainesville'),
	(126,10,'Hialeah'),
	(127,10,'Hollywood'),
	(128,10,'Jacksonville'),
	(129,10,'Miami'),
	(130,10,'Orlando'),
	(131,10,'Pembroke_Pines'),
	(132,10,'Port_Saint_Lucie'),
	(133,10,'Saint_Petersburg'),
	(134,10,'Tallahassee'),
	(135,10,'Tampa'),
	(136,10,'Tampa_Bay'),
	(137,11,'Albany'),
	(138,11,'Atlanta'),
	(139,11,'Columbus'),
	(140,11,'Dunwoody'),
	(141,11,'East_Point'),
	(142,11,'Macon'),
	(143,11,'Marietta'),
	(144,11,'North_Atlanta'),
	(145,11,'Redan'),
	(146,11,'Roswell'),
	(147,11,'Sandy_Springs'),
	(148,11,'Savannah'),
	(149,11,'Smyrna'),
	(150,11,'Valdosta'),
	(151,11,'Warner_Robins'),
	(152,12,'Honolulu'),
	(153,13,'Boise'),
	(154,13,'Caldwell'),
	(155,13,'Eagle'),
	(156,13,'Garden_City'),
	(157,13,'Hayden'),
	(158,13,'Idaho_Falls'),
	(159,13,'Kuna'),
	(160,13,'Lewiston'),
	(161,13,'Meridian'),
	(162,13,'Moscow'),
	(163,13,'Nampa'),
	(164,13,'Pocatello'),
	(165,13,'Post_Falls'),
	(166,13,'Rexburg'),
	(167,13,'Twin_Falls'),
	(168,14,'Arlington_Heights'),
	(169,14,'Aurora'),
	(170,14,'Champaign'),
	(171,14,'Chicago'),
	(172,14,'Cicero'),
	(173,14,'Decatur'),
	(174,14,'Elgin'),
	(175,14,'Evanston'),
	(176,14,'Joliet'),
	(177,14,'Naperville'),
	(178,14,'Peoria'),
	(179,14,'Rockford'),
	(180,14,'Schaumburg'),
	(181,14,'Springfield'),
	(182,14,'Waukegan'),
	(183,15,'Anderson'),
	(184,15,'Bloomington'),
	(185,15,'Carmel'),
	(186,15,'Elkhart'),
	(187,15,'Evansville'),
	(188,15,'Fishers'),
	(189,15,'Fort_Wayne'),
	(190,15,'Gary'),
	(191,15,'Hammond'),
	(192,15,'Indianapolis'),
	(193,15,'Lafayette'),
	(194,15,'Mishawaka'),
	(195,15,'Muncie'),
	(196,15,'South_Bend'),
	(197,15,'Terre_Haute'),
	(198,16,'Ames'),
	(199,16,'Ankeny'),
	(200,16,'Bettendorf'),
	(201,16,'Cedar_Falls'),
	(202,16,'Cedar_Rapids'),
	(203,16,'Council_Bluffs'),
	(204,16,'Davenport'),
	(205,16,'Des_Moines'),
	(206,16,'Dubuque'),
	(207,16,'Iowa_City'),
	(208,16,'Marion'),
	(209,16,'Sioux_City'),
	(210,16,'Urbandale'),
	(211,16,'Waterloo'),
	(212,16,'West_Des_Moines'),
	(213,17,'Emporia'),
	(214,17,'Garden_City'),
	(215,17,'Hutchinson'),
	(216,17,'Kansas_City'),
	(217,17,'Lawrence'),
	(218,17,'Leavenworth'),
	(219,17,'Leawood'),
	(220,17,'Lenexa'),
	(221,17,'Manhattan'),
	(222,17,'Olathe'),
	(223,17,'Overland_Park'),
	(224,17,'Salina'),
	(225,17,'Shawnee'),
	(226,17,'Topeka'),
	(227,17,'Wichita'),
	(228,18,'Bowling_Green'),
	(229,18,'Covington'),
	(230,18,'Elizabethtown'),
	(231,18,'Florence'),
	(232,18,'Frankfort'),
	(233,18,'Henderson'),
	(234,18,'Hopkinsville'),
	(235,18,'Jeffersontown'),
	(236,18,'Lexington-Fayette'),
	(237,18,'Louisville'),
	(238,18,'Nicholasville'),
	(239,18,'Owensboro'),
	(240,18,'Paducah'),
	(241,18,'Richmond'),
	(242,18,'Valley_Station'),
	(243,19,'Alexandria'),
	(244,19,'Baton_Rouge'),
	(245,19,'Bossier_City'),
	(246,19,'Chalmette'),
	(247,19,'Houma'),
	(248,19,'Kenner'),
	(249,19,'Lafayette'),
	(250,19,'Lake_Charles'),
	(251,19,'Laplace'),
	(252,19,'Marrero'),
	(253,19,'Metairie'),
	(254,19,'Monroe'),
	(255,19,'New_Iberia'),
	(256,19,'New_Orleans'),
	(257,19,'Shreveport'),
	(258,20,'Augusta'),
	(259,20,'Bangor'),
	(260,20,'Bath'),
	(261,20,'Belfast'),
	(262,20,'Brunswick'),
	(263,20,'Camden'),
	(264,20,'Damariscotta'),
	(265,20,'Ellsworth'),
	(266,20,'Freeport'),
	(267,20,'Kennebunkport'),
	(268,20,'Portland'),
	(269,20,'Presque_Isle'),
	(270,20,'Rockland'),
	(271,20,'Rockport'),
	(272,21,'Aspen_Hill'),
	(273,21,'Baltimore'),
	(274,21,'Bethesda'),
	(275,21,'Bowie'),
	(276,21,'Columbia'),
	(277,21,'Dundalk'),
	(278,21,'Ellicott_City'),
	(279,21,'Frederick'),
	(280,21,'Gaithersburg'),
	(281,21,'Germantown'),
	(282,21,'North_Bethesda'),
	(283,21,'Potomac'),
	(284,21,'Rockville'),
	(285,21,'Silver_Spring'),
	(286,21,'Towson'),
	(287,22,'Boston'),
	(288,22,'Brockton'),
	(289,22,'Cambridge'),
	(290,22,'Fall_River'),
	(291,22,'Framingham'),
	(292,22,'Lawrence'),
	(293,22,'Lowell'),
	(294,22,'Lynn'),
	(295,22,'New_Bedford'),
	(296,22,'Newton'),
	(297,22,'Plymouth'),
	(298,22,'Quincy'),
	(299,22,'Somerville'),
	(300,22,'Springfield'),
	(301,22,'Worcester'),
	(302,23,'Ann_Arbor'),
	(303,23,'Canton'),
	(304,23,'Dearborn'),
	(305,23,'Detroit'),
	(306,23,'Farmington_Hills'),
	(307,23,'Flint'),
	(308,23,'Grand_Rapids'),
	(309,23,'Lansing'),
	(310,23,'Livonia'),
	(311,23,'Southfield'),
	(312,23,'Sterling_Heights'),
	(313,23,'Troy'),
	(314,23,'Warren'),
	(315,23,'Waterford'),
	(316,23,'Westland'),
	(317,24,'Blaine'),
	(318,24,'Bloomington'),
	(319,24,'Brooklyn_Park'),
	(320,24,'Burnsville'),
	(321,24,'Coon_Rapids'),
	(322,24,'Duluth'),
	(323,24,'Eagan'),
	(324,24,'Eden_Prairie'),
	(325,24,'Lakeville'),
	(326,24,'Maple_Grove'),
	(327,24,'Minneapolis'),
	(328,24,'Plymouth'),
	(329,24,'Rochester'),
	(330,24,'Saint_Cloud'),
	(331,24,'Saint_Paul'),
	(332,25,'Biloxi'),
	(333,25,'Clinton'),
	(334,25,'Columbus'),
	(335,25,'Gautier'),
	(336,25,'Greenville'),
	(337,25,'Gulfport'),
	(338,25,'Hattiesburg'),
	(339,25,'Jackson'),
	(340,25,'Meridian'),
	(341,25,'Olive_Branch'),
	(342,25,'Pascagoula'),
	(343,25,'Pearl'),
	(344,25,'Southaven'),
	(345,25,'Tupelo'),
	(346,25,'Vicksburg'),
	(347,26,'Blue_Springs'),
	(348,26,'Cape_Girardeau'),
	(349,26,'Chesterfield'),
	(350,26,'Columbia'),
	(351,26,'Florissant'),
	(352,26,'Independence'),
	(353,26,'Joplin'),
	(354,26,'Kansas_City'),
	(355,26,'Oakville'),
	(356,26,'Saint_Charles'),
	(357,26,'Saint_Joseph'),
	(358,26,'Saint_Louis'),
	(359,26,'Saint_Peters'),
	(360,26,'Springfield'),
	(361,26,'University_City'),
	(362,27,'Anaconda'),
	(363,27,'Belgrade'),
	(364,27,'Billings'),
	(365,27,'Bozeman'),
	(366,27,'Butte'),
	(367,27,'Great_Falls'),
	(368,27,'Havre'),
	(369,27,'Helena'),
	(370,27,'Kalispell'),
	(371,27,'Laurel'),
	(372,27,'Lewistown'),
	(373,27,'Livingston'),
	(374,27,'Miles_City'),
	(375,27,'Missoula'),
	(376,27,'Whitefish'),
	(377,28,'Beatrice'),
	(378,28,'Bellevue'),
	(379,28,'Columbus'),
	(380,28,'Fremont'),
	(381,28,'Grand_Island'),
	(382,28,'Hastings'),
	(383,28,'Kearney'),
	(384,28,'La_Vista'),
	(385,28,'Lincoln'),
	(386,28,'Norfolk'),
	(387,28,'North_Platte'),
	(388,28,'Omaha'),
	(389,28,'Papillion'),
	(390,28,'Scottsbluff'),
	(391,28,'South_Sioux_City'),
	(392,29,'Carson_City'),
	(393,29,'Elko'),
	(394,29,'Henderson'),
	(395,29,'Las_Vegas'),
	(396,29,'Reno'),
	(397,30,'Bedford'),
	(398,30,'Concord'),
	(399,30,'Derry'),
	(400,30,'Dover'),
	(401,30,'Goffstown'),
	(402,30,'Hudson'),
	(403,30,'Keene'),
	(404,30,'Laconia'),
	(405,30,'Londonderry'),
	(406,30,'Manchester'),
	(407,30,'Merrimack'),
	(408,30,'Nashua'),
	(409,30,'Portsmouth'),
	(410,30,'Rochester'),
	(411,30,'Salem'),
	(412,31,'Camden'),
	(413,31,'Cherry_Hill'),
	(414,31,'Clifton'),
	(415,31,'East_Orange'),
	(416,31,'Edison'),
	(417,31,'Elizabeth'),
	(418,31,'Irvington'),
	(419,31,'Jersey_City'),
	(420,31,'Newark'),
	(421,31,'North_Bergen'),
	(422,31,'Passaic'),
	(423,31,'Paterson'),
	(424,31,'Toms_River'),
	(425,31,'Trenton'),
	(426,31,'Union_City'),
	(427,32,'Alamogordo'),
	(428,32,'Albuquerque'),
	(429,32,'Carlsbad'),
	(430,32,'Clovis'),
	(431,32,'Deming'),
	(432,32,'Farmington'),
	(433,32,'Gallup'),
	(434,32,'Hobbs'),
	(435,32,'Las_Cruces'),
	(436,32,'Las_Vegas'),
	(437,32,'Rio_Rancho'),
	(438,32,'Roswell'),
	(439,32,'Santa_Fe'),
	(440,32,'South_Valley'),
	(441,32,'Sunland_Park'),
	(442,33,'Albany'),
	(443,33,'Brentwood'),
	(444,33,'Buffalo'),
	(445,33,'Cheektowaga'),
	(446,33,'Hempstead'),
	(447,33,'Mount_Vernon'),
	(448,33,'New_Rochelle'),
	(449,33,'New_York'),
	(450,33,'Niagara_Falls'),
	(451,33,'Rochester'),
	(452,33,'Schenectady'),
	(453,33,'Syracuse'),
	(454,33,'Utica'),
	(455,33,'White_Plains'),
	(456,33,'Yonkers'),
	(457,34,'Asheville'),
	(458,34,'Cary'),
	(459,34,'Charlotte'),
	(460,34,'Concord'),
	(461,34,'Durham'),
	(462,34,'Fayetteville'),
	(463,34,'Gastonia'),
	(464,34,'Greensboro'),
	(465,34,'Greenville'),
	(466,34,'High_Point'),
	(467,34,'Jacksonville'),
	(468,34,'Raleigh'),
	(469,34,'Rocky_Mount'),
	(470,34,'Wilmington'),
	(471,34,'Winston-Salem'),
	(472,35,'Bismarck'),
	(473,35,'Devils_Lake'),
	(474,35,'Dickinson'),
	(475,35,'Fargo'),
	(476,35,'Grafton'),
	(477,35,'Grand_Forks'),
	(478,35,'Jamestown'),
	(479,35,'Mandan'),
	(480,35,'Minot'),
	(481,35,'Valley_City'),
	(482,35,'Wahpeton'),
	(483,35,'West_Fargo'),
	(484,35,'Williston'),
	(485,36,'Akron'),
	(486,36,'Canton'),
	(487,36,'Cincinnati'),
	(488,36,'Cleveland'),
	(489,36,'Columbus'),
	(490,36,'Dayton'),
	(491,36,'Elyria'),
	(492,36,'Hamilton'),
	(493,36,'Kettering'),
	(494,36,'Lorain'),
	(495,36,'Middletown'),
	(496,36,'Parma'),
	(497,36,'Springfield'),
	(498,36,'Toledo'),
	(499,36,'Youngstown'),
	(500,37,'Ardmore'),
	(501,37,'Bartlesville'),
	(502,37,'Broken_Arrow'),
	(503,37,'Edmond'),
	(504,37,'Enid'),
	(505,37,'Lawton'),
	(506,37,'Midwest_City'),
	(507,37,'Moore'),
	(508,37,'Muskogee'),
	(509,37,'Norman'),
	(510,37,'Oklahoma_City'),
	(511,37,'Ponca_City'),
	(512,37,'Shawnee'),
	(513,37,'Stillwater'),
	(514,37,'Tulsa'),
	(515,38,'Albany'),
	(516,38,'Aloha'),
	(517,38,'Beaverton'),
	(518,38,'Bend'),
	(519,38,'Corvallis'),
	(520,38,'Eugene'),
	(521,38,'Gresham'),
	(522,38,'Hillsboro'),
	(523,38,'Keizer'),
	(524,38,'Lake_Oswego'),
	(525,38,'Medford'),
	(526,38,'Portland'),
	(527,38,'Salem'),
	(528,38,'Springfield'),
	(529,38,'Tigard'),
	(530,39,'Allentown'),
	(531,39,'Altoona'),
	(532,39,'Bethlehem'),
	(533,39,'Chester'),
	(534,39,'Erie'),
	(535,39,'Harrisburg'),
	(536,39,'Lancaster'),
	(537,39,'Levittown'),
	(538,39,'Philadelphia'),
	(539,39,'Pittsburgh'),
	(540,39,'Reading'),
	(541,39,'Scranton'),
	(542,39,'State_College'),
	(543,39,'Wilkes-Barre'),
	(544,39,'York'),
	(545,40,'Bristol'),
	(546,40,'Central_Falls'),
	(547,40,'Coventry'),
	(548,40,'Cranston'),
	(549,40,'Cumberland'),
	(550,40,'East_Providence'),
	(551,40,'Newport'),
	(552,40,'North_Providence'),
	(553,40,'Pawtucket'),
	(554,40,'Providence'),
	(555,40,'Smithfield'),
	(556,40,'Warwick'),
	(557,40,'West_Warwick'),
	(558,40,'Westerly'),
	(559,40,'Woonsocket'),
	(560,41,'Aiken'),
	(561,41,'Anderson'),
	(562,41,'Charleston'),
	(563,41,'Columbia'),
	(564,41,'Florence'),
	(565,41,'Goose_Creek'),
	(566,41,'Greenville'),
	(567,41,'Hilton_Head_Island'),
	(568,41,'Mount_Pleasant'),
	(569,41,'Myrtle_Beach'),
	(570,41,'North_Charleston'),
	(571,41,'Rock_Hill'),
	(572,41,'Spartanburg'),
	(573,41,'Summerville'),
	(574,41,'Sumter'),
	(575,42,'Aberdeen'),
	(576,42,'Brandon'),
	(577,42,'Brookings'),
	(578,42,'Huron'),
	(579,42,'Madison'),
	(580,42,'Mitchell'),
	(581,42,'Pierre'),
	(582,42,'Rapid_City'),
	(583,42,'Rapid_Valley'),
	(584,42,'Sioux_Falls'),
	(585,42,'Spearfish'),
	(586,42,'Sturgis'),
	(587,42,'Vermillion'),
	(588,42,'Watertown'),
	(589,42,'Yankton'),
	(590,43,'Bartlett'),
	(591,43,'Chattanooga'),
	(592,43,'Clarksville'),
	(593,43,'Cleveland'),
	(594,43,'Collierville'),
	(595,43,'Franklin'),
	(596,43,'Germantown'),
	(597,43,'Hendersonville'),
	(598,43,'Jackson'),
	(599,43,'Johnson_City'),
	(600,43,'Kingsport'),
	(601,43,'Knoxville'),
	(602,43,'Memphis'),
	(603,43,'Murfreesboro'),
	(604,43,'Nashville'),
	(605,44,'Amarillo'),
	(606,44,'Arlington'),
	(607,44,'Austin'),
	(608,44,'Brownsville'),
	(609,44,'Corpus_Christi'),
	(610,44,'Dallas'),
	(611,44,'El_Paso'),
	(612,44,'Fort_Worth'),
	(613,44,'Garland'),
	(614,44,'Houston'),
	(615,44,'Irving'),
	(616,44,'Laredo'),
	(617,44,'Lubbock'),
	(618,44,'Plano'),
	(619,44,'San_Antonio'),
	(620,45,'Bountiful'),
	(621,45,'Kearns'),
	(622,45,'Layton'),
	(623,45,'Logan'),
	(624,45,'Murray'),
	(625,45,'Ogden'),
	(626,45,'Orem'),
	(627,45,'Provo'),
	(628,45,'Roy'),
	(629,45,'Saint_George'),
	(630,45,'Salt_Lake_City'),
	(631,45,'South_Jordan'),
	(632,45,'Taylorsville'),
	(633,45,'West_Jordan'),
	(634,45,'West_Valley_City'),
	(635,46,'Barre'),
	(636,46,'Bennington'),
	(637,46,'Brattleboro'),
	(638,46,'Burlington'),
	(639,46,'Colchester'),
	(640,46,'Hartford'),
	(641,46,'Jericho'),
	(642,46,'Middlebury'),
	(643,46,'Montpelier'),
	(644,46,'Rutland'),
	(645,46,'Saint_Albans'),
	(646,46,'Saint_Johnsbury'),
	(647,46,'South_Burlington'),
	(648,46,'Springfield'),
	(649,46,'Williston'),
	(650,47,'Alexandria'),
	(651,47,'Arlington'),
	(652,47,'Centreville'),
	(653,47,'Chesapeake'),
	(654,47,'Dale_City'),
	(655,47,'Hampton'),
	(656,47,'Lynchburg'),
	(657,47,'Newport_News'),
	(658,47,'Norfolk'),
	(659,47,'Portsmouth'),
	(660,47,'Reston'),
	(661,47,'Richmond'),
	(662,47,'Roanoke'),
	(663,47,'Suffolk'),
	(664,47,'Virginia_Beach'),
	(665,48,'Bellevue'),
	(666,48,'Bellingham'),
	(667,48,'Everett'),
	(668,48,'Federal_Way'),
	(669,48,'Kennewick'),
	(670,48,'Kent'),
	(671,48,'Lakewood'),
	(672,48,'Redmond'),
	(673,48,'Renton'),
	(674,48,'Seattle'),
	(675,48,'Shoreline'),
	(676,48,'Spokane'),
	(677,48,'Tacoma'),
	(678,48,'Vancouver'),
	(679,48,'Yakima'),
	(680,49,'Beckley'),
	(681,49,'Bluefield'),
	(682,49,'Charleston'),
	(683,49,'Clarksburg'),
	(684,49,'Cross_Lanes'),
	(685,49,'Fairmont'),
	(686,49,'Huntington'),
	(687,49,'Martinsburg'),
	(688,49,'Morgantown'),
	(689,49,'Parkersburg'),
	(690,49,'Saint_Albans'),
	(691,49,'South_Charleston'),
	(692,49,'Vienna'),
	(693,49,'Weirton'),
	(694,49,'Wheeling'),
	(695,50,'Appleton'),
	(696,50,'Eau_Claire'),
	(697,50,'Fond_du_Lac'),
	(698,50,'Green_Bay'),
	(699,50,'Janesville'),
	(700,50,'Kenosha'),
	(701,50,'La_Crosse'),
	(702,50,'Madison'),
	(703,50,'Milwaukee'),
	(704,50,'Oshkosh'),
	(705,50,'Racine'),
	(706,50,'Sheboygan'),
	(707,50,'Waukesha'),
	(708,50,'Wauwatosa'),
	(709,50,'West_Allis'),
	(710,51,'Casper'),
	(711,51,'Cheyenne'),
	(712,51,'Cody'),
	(713,51,'Douglas'),
	(714,51,'Evanston'),
	(715,51,'Gillette'),
	(716,51,'Green_River'),
	(717,51,'Jackson'),
	(718,51,'Lander'),
	(719,51,'Laramie'),
	(720,51,'Rawlins'),
	(721,51,'Riverton'),
	(722,51,'Rock_Springs'),
	(723,51,'Sheridan'),
	(724,51,'Torrington');

/*!40000 ALTER TABLE `barter_cities` ENABLE KEYS */;
UNLOCK TABLES;


# Dump of table barter_connections
# ------------------------------------------------------------

DROP TABLE IF EXISTS `barter_connections`;

CREATE TABLE `barter_connections` (
  `connection_id` int(11) NOT NULL auto_increment,
  `posting_id` int(11) default NULL,
  `user_id` int(11) default NULL,
  `date_connected` text,
  `times_connected` int(11) default NULL,
  PRIMARY KEY  (`connection_id`),
  KEY `user_id` (`user_id`),
  KEY `posting_id` (`posting_id`),
  CONSTRAINT `barter_connections_ibfk_1` FOREIGN KEY (`posting_id`) REFERENCES `barter_postings` (`posting_id`),
  CONSTRAINT `barter_connections_ibfk_2` FOREIGN KEY (`user_id`) REFERENCES `barter_users` (`user_id`)
) ENGINE=InnoDB DEFAULT CHARSET=latin1;

LOCK TABLES `barter_connections` WRITE;
/*!40000 ALTER TABLE `barter_connections` DISABLE KEYS */;

INSERT INTO `barter_connections` (`connection_id`, `posting_id`, `user_id`, `date_connected`, `times_connected`)
VALUES
	(1,13,1,'07-31-2011',1);

/*!40000 ALTER TABLE `barter_connections` ENABLE KEYS */;
UNLOCK TABLES;


# Dump of table barter_emailNotes
# ------------------------------------------------------------

DROP TABLE IF EXISTS `barter_emailNotes`;

CREATE TABLE `barter_emailNotes` (
  `emailNote_id` int(11) NOT NULL auto_increment,
  `user_id` int(11) default NULL,
  `category_id` int(11) default NULL,
  PRIMARY KEY  (`emailNote_id`),
  KEY `user_id` (`user_id`),
  KEY `category_id` (`category_id`)
) ENGINE=InnoDB DEFAULT CHARSET=latin1;



# Dump of table barter_postings
# ------------------------------------------------------------

DROP TABLE IF EXISTS `barter_postings`;

CREATE TABLE `barter_postings` (
  `posting_id` int(11) NOT NULL auto_increment,
  `user_id` int(11) default NULL,
  `state_id` int(11) default NULL,
  `city_id` int(11) default NULL,
  `offer_makeOffer` int(11) default NULL,
  `offerCategory_id` int(11) default NULL,
  `offerTitle` text,
  `offerPosting` text,
  `need_makeOffer` int(11) default NULL,
  `needCategory_id` int(11) default NULL,
  `needTitle` text,
  `needPosting` text,
  `emailNotes` text,
  `posting_date` text,
  `oMoney` text,
  `oGSW` text,
  `oEmailNotes` text,
  `nEmailNotes` text,
  `nMoney` text,
  `nGSW` text,
  PRIMARY KEY  (`posting_id`),
  KEY `user_id` (`user_id`),
  KEY `state_id` (`state_id`),
  KEY `city_id` (`city_id`),
  KEY `offerCategory_id` (`offerCategory_id`),
  KEY `needCategory_id` (`needCategory_id`),
  CONSTRAINT `barter_postings_ibfk_1` FOREIGN KEY (`user_id`) REFERENCES `barter_users` (`user_id`),
  CONSTRAINT `barter_postings_ibfk_2` FOREIGN KEY (`city_id`) REFERENCES `barter_cities` (`city_id`),
  CONSTRAINT `barter_postings_ibfk_3` FOREIGN KEY (`state_id`) REFERENCES `barter_states` (`state_id`),
  CONSTRAINT `barter_postings_ibfk_4` FOREIGN KEY (`offerCategory_id`) REFERENCES `barter_categories` (`category_id`),
  CONSTRAINT `barter_postings_ibfk_5` FOREIGN KEY (`needCategory_id`) REFERENCES `barter_categories` (`category_id`)
) ENGINE=InnoDB DEFAULT CHARSET=latin1;

LOCK TABLES `barter_postings` WRITE;
/*!40000 ALTER TABLE `barter_postings` DISABLE KEYS */;

INSERT INTO `barter_postings` (`posting_id`, `user_id`, `state_id`, `city_id`, `offer_makeOffer`, `offerCategory_id`, `offerTitle`, `offerPosting`, `need_makeOffer`, `needCategory_id`, `needTitle`, `needPosting`, `emailNotes`, `posting_date`, `oMoney`, `oGSW`, `oEmailNotes`, `nEmailNotes`, `nMoney`, `nGSW`)
VALUES
	(3,2,20,263,0,47,'I have a John Deere 1026R Sub-Compact Utility Tractor ','Powerful Interim Tier 4 (IT4)-compliant diesel engine and standard dual mid-selective control valve (SCV)...\nEasy operation 4-wheel drive power steering...\nFast and easy implement changeover...\nImplement compounding improves efficiency...\nDurable, efficient, high-torque 3-cylinder diesel engine...\nHydrostatic (HST) transmission with Twin Touch™ foot controls...\nOpen operator&#039;s station is comfortable and convenient...\nOptional iMatch™ Quick-Hitch allows for easy implement hookup ...\nEasily change PTO-driven implements with optional iMatch™ AutoHitch™...',0,38,'I would love a sail boat to sail the open blue!','I have dreamed a dream since I was just a wee lad...to sail around the world!  I&#039;m ready to go, the only problem is I don&#039;t have a boat.  So, I will be needing a boat that can actually sail around the world.  If you have a boat that cannot sail around the world, then I am not interested.','yes','07-14-2011',NULL,NULL,NULL,NULL,NULL,NULL),
	(4,2,20,263,0,7,'I build custom computers','I have 5 years experience building custom computers from scratch.  If you supply the components I can build your machine and run it through the necessary diagnostics.  And if you need help picking out components i can help with that too.',1,1,'0','0','no','07-14-2011',NULL,NULL,NULL,NULL,NULL,NULL),
	(5,3,20,263,0,5,'I can build bird houses','Do you love birds as much as I do?  Sure, they&#039;re cool, everyone knows that.  But did you know that 2 out of 5 bird families are currently homeless?  Shocking, isn&#039;t it?  Hey, I know, it&#039;s a tough bird seed to swallow.  Let me be their savior!  I can build bird houses!',0,43,'I am currently naked and in need of clothing!','Well, building bird houses is not exactly a lucrative business.  So much so that I find myself without anything to wear.  So, if you have clothes i would surely appreciate it!','yes','07-14-2011',NULL,NULL,NULL,NULL,NULL,NULL),
	(6,4,20,263,0,37,'Trek 9800 SLR','I have a TREK 9800 SLR mountain bike with all xt components, a manitou fork, and ritchey race rims.',1,1,'0','0','no','07-14-2011',NULL,NULL,NULL,NULL,NULL,NULL),
	(7,4,20,263,0,37,'I have a MASI road bike 53cm','I have a MASI road bike, 53cm in size with all Shimano components.  The bike is in used condition but very well taken care of without any scratches or dings.',0,57,'Looking for an older vhs video camera and editing equipment','If you have any old (functioning) VHS video equipment (cameras, editing decks, etc.) please let me know.  As long as it works I will be interested.','yes','07-14-2011',NULL,NULL,NULL,NULL,NULL,NULL),
	(8,5,20,270,0,35,'Roof rack for Saab 900 3 door','I have a Saab roof rack that fits 3 door Saab 900',0,47,'22&quot; lawn mower blade or what have you','I could used a lawn mower blade but will consider anything of interest.','yes','07-14-2011',NULL,NULL,NULL,NULL,NULL,NULL),
	(13,1,20,263,0,33,'I can desgin and build your site!','I have many years experience and can design and build your site for you.  Just tell me what you want and I can do it!',0,36,'I need a car!','I need a small economical car.  i don&#039;t care how it looks just as long as it runs properly and will get me from point A to point B.','yes','07-29-2011',NULL,NULL,NULL,NULL,NULL,NULL),
	(14,1,20,263,0,7,'I can fix any computer!','I can fix any computer. If your computer has any issues at all then I can fix it!',1,1,'0','0','no','07-29-2011',NULL,NULL,NULL,NULL,NULL,NULL);

/*!40000 ALTER TABLE `barter_postings` ENABLE KEYS */;
UNLOCK TABLES;


# Dump of table barter_reviews
# ------------------------------------------------------------

DROP TABLE IF EXISTS `barter_reviews`;

CREATE TABLE `barter_reviews` (
  `review_id` int(11) NOT NULL auto_increment,
  `user_id` int(11) default NULL,
  `reviewedBy_id` int(11) default NULL,
  `reviewTitle` text,
  `reviewPost` text,
  `recommend` int(11) default NULL,
  `date_reviewed` text,
  PRIMARY KEY  (`review_id`),
  KEY `user_id` (`user_id`),
  KEY `reviewedBy_id` (`reviewedBy_id`),
  KEY `posting_id` (`recommend`),
  CONSTRAINT `barter_reviews_ibfk_1` FOREIGN KEY (`user_id`) REFERENCES `barter_users` (`user_id`),
  CONSTRAINT `barter_reviews_ibfk_2` FOREIGN KEY (`reviewedBy_id`) REFERENCES `barter_users` (`user_id`)
) ENGINE=InnoDB DEFAULT CHARSET=latin1;

LOCK TABLES `barter_reviews` WRITE;
/*!40000 ALTER TABLE `barter_reviews` DISABLE KEYS */;

INSERT INTO `barter_reviews` (`review_id`, `user_id`, `reviewedBy_id`, `reviewTitle`, `reviewPost`, `recommend`, `date_reviewed`)
VALUES
	(1,1,3,'This guy is wicked AWESOME!','I was a little put off at first.  I thought, &quot;This guy is weird looking!&quot;  But then I remembered that all artists are weird and it made me feel better.  Then he made my site it totally rocked.  Jojo is that man!',1,'07-14-2011'),
	(2,1,2,'Seriously?  I don&#039;t think so.','Uh, yeah, this guy was a real nutbar.  I don&#039;t know what he was smoking when he made my site but I&#039;m guessing it was a real doosie.  If you&#039;re thinking about having this guy make your site for you i would think again.  Pee Eeww!',0,'07-14-2011');

/*!40000 ALTER TABLE `barter_reviews` ENABLE KEYS */;
UNLOCK TABLES;


# Dump of table barter_states
# ------------------------------------------------------------

DROP TABLE IF EXISTS `barter_states`;

CREATE TABLE `barter_states` (
  `state_id` int(11) NOT NULL auto_increment,
  `state` text,
  PRIMARY KEY  (`state_id`)
) ENGINE=InnoDB DEFAULT CHARSET=latin1;

LOCK TABLES `barter_states` WRITE;
/*!40000 ALTER TABLE `barter_states` DISABLE KEYS */;

INSERT INTO `barter_states` (`state_id`, `state`)
VALUES
	(1,'Alabama'),
	(2,'Alaska'),
	(3,'Arizona'),
	(4,'Arkansas'),
	(5,'California'),
	(6,'Colorado'),
	(7,'Connecticut'),
	(8,'Delaware'),
	(9,'District_of_Columbia'),
	(10,'Florida'),
	(11,'Georgia'),
	(12,'Hawaii'),
	(13,'Idaho'),
	(14,'Illinois'),
	(15,'Indiana'),
	(16,'Iowa'),
	(17,'Kansas'),
	(18,'Kentucky'),
	(19,'Louisiana'),
	(20,'Maine'),
	(21,'Maryland'),
	(22,'Massachusetts'),
	(23,'Michigan'),
	(24,'Minnesota'),
	(25,'Mississippi'),
	(26,'Missouri'),
	(27,'Montana'),
	(28,'Nebraska'),
	(29,'Nevada'),
	(30,'New_Hampshire'),
	(31,'New_Jersey'),
	(32,'New_Mexico'),
	(33,'New_York'),
	(34,'North_Carolina'),
	(35,'North_Dakota'),
	(36,'Ohio'),
	(37,'Oklahoma'),
	(38,'Oregon'),
	(39,'Pennsylvania'),
	(40,'Rhode_Island'),
	(41,'South_Carolina'),
	(42,'South_Dakota'),
	(43,'Tennessee'),
	(44,'Texas'),
	(45,'Utah'),
	(46,'Vermont'),
	(47,'Virginia'),
	(48,'Washington'),
	(49,'West_Virginia'),
	(50,'Wisconsin'),
	(51,'Wyoming');

/*!40000 ALTER TABLE `barter_states` ENABLE KEYS */;
UNLOCK TABLES;


# Dump of table barter_users
# ------------------------------------------------------------

DROP TABLE IF EXISTS `barter_users`;

CREATE TABLE `barter_users` (
  `user_id` int(11) NOT NULL auto_increment,
  `email` text,
  `username` text,
  `password` text,
  `randKey` text,
  `secCode` text,
  `city` text,
  PRIMARY KEY  (`user_id`)
) ENGINE=InnoDB DEFAULT CHARSET=latin1;

LOCK TABLES `barter_users` WRITE;
/*!40000 ALTER TABLE `barter_users` DISABLE KEYS */;

INSERT INTO `barter_users` (`user_id`, `email`, `username`, `password`, `randKey`, `secCode`, `city`)
VALUES
	(1,'joshua@yogoguide.com','jojo','juju','Sj66fWttXl','45qyc4',NULL),
	(2,'joshua@provonchee.com','jack','jorp','y8MAuN0exT','gjnsr9',NULL),
	(3,'provonchee@mail.com','josh','jojo','Pu6boCZBs0','623jpt',NULL),
	(4,'joshua@ogoguide.com','joshua','josh','fiqT5DFZSU','sf3z5v',NULL),
	(5,'rbprovo@juno.com','popper','yukon21','nut4quiG1J','52ykb9',NULL),
	(7,'hokkdoc@yahoo.com','joel','deepslash25','As5c3Y8uBZ',NULL,NULL),
	(12,'bstoller78@gmail.com','bstoller78','pR0V0NCH33','lBZsC8qz6K',NULL,NULL),
	(18,'provonchee@gmail.com','provonchee','provo','fb9ZQaReI3',NULL,'Portland');

/*!40000 ALTER TABLE `barter_users` ENABLE KEYS */;
UNLOCK TABLES;



/*!40111 SET SQL_NOTES=@OLD_SQL_NOTES */;
/*!40101 SET SQL_MODE=@OLD_SQL_MODE */;
/*!40014 SET FOREIGN_KEY_CHECKS=@OLD_FOREIGN_KEY_CHECKS */;
/*!40101 SET CHARACTER_SET_CLIENT=@OLD_CHARACTER_SET_CLIENT */;
/*!40101 SET CHARACTER_SET_RESULTS=@OLD_CHARACTER_SET_RESULTS */;
/*!40101 SET COLLATION_CONNECTION=@OLD_COLLATION_CONNECTION */;
